<?xml version="1.0" encoding="UTF-8"?>
<con:soapui-project id="37168dd6-1e63-4cb5-b5db-14399fdd99aa" activeEnvironment="Default" name="RVA SOAP UI" resourceRoot="" soapui-version="5.5.0" abortOnError="false" runType="SEQUENTIAL" xmlns:con="http://eviware.com/soapui/config"><con:settings/><con:interface xsi:type="con:RestService" id="cb582ed2-507b-46c9-8bed-a7bae1ea1d0b" wadlVersion="http://wadl.dev.java.net/2009/02" name="http://localhost:8083" type="rest" xmlns:xsi="http://www.w3.org/2001/XMLSchema-instance"><con:settings/><con:definitionCache type="TEXT" rootPart=""/><con:endpoints><con:endpoint>http://localhost:8083</con:endpoint></con:endpoints><con:resource name="Status Get All" path="/status" id="4fbef78f-c2b8-4e14-bee1-42329e4631bf"><con:settings/><con:parameters/><con:method name="Method Get All" id="83e03a06-45e5-4412-b44c-7638ed2e15ae" method="GET"><con:settings/><con:parameters/><con:representation type="RESPONSE"><con:mediaType>application/json;charset=UTF-8</con:mediaType><con:status>200</con:status><con:params/><con:element>Response</con:element></con:representation><con:request name="Get All" id="d73c694b-984a-45fa-be10-b350c1475c48" mediaType="application/json"><con:settings><con:setting id="com.eviware.soapui.impl.wsdl.WsdlRequest@request-headers">&lt;xml-fragment/></con:setting></con:settings><con:endpoint>http://localhost:8083</con:endpoint><con:request/><con:originalUri>http://localhost/status</con:originalUri><con:credentials><con:authType>No Authorization</con:authType></con:credentials><con:jmsConfig JMSDeliveryMode="PERSISTENT"/><con:jmsPropertyConfig/><con:parameters/></con:request></con:method></con:resource><con:resource name="Status Get One By Id" path="/status/{id}" id="0201c1dc-947f-41e4-b2bb-203c14be1bba"><con:settings/><con:parameters><con:parameter><con:name>id</con:name><con:value>id</con:value><con:style>TEMPLATE</con:style><con:default>id</con:default></con:parameter></con:parameters><con:method name="Method Get One By Id" id="68698c10-70a6-443a-a610-3f3d99daf445" method="GET"><con:settings/><con:parameters/><con:representation type="RESPONSE"><con:mediaType>application/json;charset=UTF-8</con:mediaType><con:status>200</con:status><con:params/><con:element xmlns:ns="http://localhost/status/1">ns:Response</con:element></con:representation><con:representation type="FAULT"><con:mediaType>application/json;charset=UTF-8</con:mediaType><con:status>400</con:status><con:params/><con:element xmlns:ns="http://localhost/status/1">ns:Fault</con:element></con:representation><con:request name="Get One By Id" id="36bc3142-16ab-41f5-afc5-e7f884c64ec2" mediaType="application/json"><con:settings><con:setting id="com.eviware.soapui.impl.wsdl.WsdlRequest@request-headers">&lt;xml-fragment/></con:setting></con:settings><con:endpoint>http://localhost:8083</con:endpoint><con:request/><con:originalUri>http://localhost/status/1</con:originalUri><con:credentials><con:authType>No Authorization</con:authType></con:credentials><con:jmsConfig JMSDeliveryMode="PERSISTENT"/><con:jmsPropertyConfig/><con:parameters><entry key="id" value="1" xmlns="http://eviware.com/soapui/config"/></con:parameters></con:request></con:method></con:resource><con:resource name="Status Get By Naziv" path="/statusNaziv/{naziv}" id="478ddb54-86c5-4891-8cf8-b5a250f6a237"><con:settings/><con:parameters><con:parameter><con:name>naziv</con:name><con:value>naziv</con:value><con:style>TEMPLATE</con:style><con:default>naziv</con:default></con:parameter></con:parameters><con:method name="Method Get By Naziv" id="ff9af000-1ec3-4a9f-b7e6-d0b943a90260" method="GET"><con:settings/><con:parameters/><con:representation type="RESPONSE"><con:mediaType>application/json;charset=UTF-8</con:mediaType><con:status>200</con:status><con:params/><con:element>Response</con:element></con:representation><con:request name="Get By Naziv" id="1a6e25aa-2582-43dd-b4e1-7a14c6906bcd" mediaType="application/json"><con:settings><con:setting id="com.eviware.soapui.impl.wsdl.WsdlRequest@request-headers">&lt;xml-fragment/></con:setting></con:settings><con:endpoint>http://localhost:8083</con:endpoint><con:request/><con:originalUri>http://localhost/statusNaziv/%22samo%22</con:originalUri><con:credentials><con:authType>No Authorization</con:authType></con:credentials><con:jmsConfig JMSDeliveryMode="PERSISTENT"/><con:jmsPropertyConfig/><con:parameters><entry key="naziv" value="bu" xmlns="http://eviware.com/soapui/config"/></con:parameters></con:request></con:method></con:resource><con:resource name="Status Insert" path="/status" id="9a10c3cf-cadd-4eba-b1e2-731ef4b2180b"><con:settings/><con:parameters/><con:method name="Method Insert" id="cf4509aa-75a6-4286-9d12-dc86da4faf1f" method="POST"><con:settings/><con:parameters/><con:representation type="FAULT"><con:mediaType>application/json;charset=UTF-8</con:mediaType><con:status>405 500</con:status><con:params/><con:element xmlns:stat="http://localhost/status">stat:Fault</con:element></con:representation><con:representation type="REQUEST"><con:mediaType>application/json</con:mediaType><con:params/></con:representation><con:representation type="RESPONSE"><con:mediaType xsi:nil="true"/><con:status>200</con:status><con:params/><con:element>data</con:element></con:representation><con:representation type="RESPONSE"><con:mediaType xsi:nil="true"/><con:status>200</con:status><con:params/><con:element>data</con:element></con:representation><con:representation type="RESPONSE"><con:mediaType xsi:nil="true"/><con:status>200</con:status><con:params/><con:element>data</con:element></con:representation><con:representation type="RESPONSE"><con:mediaType xsi:nil="true"/><con:status>200</con:status><con:params/><con:element>data</con:element></con:representation><con:representation type="RESPONSE"><con:mediaType xsi:nil="true"/><con:status>200</con:status><con:params/><con:element>data</con:element></con:representation><con:representation type="RESPONSE"><con:mediaType xsi:nil="true"/><con:status>200</con:status><con:params/><con:element>data</con:element></con:representation><con:representation type="RESPONSE"><con:mediaType xsi:nil="true"/><con:status>200</con:status><con:params/><con:element>data</con:element></con:representation><con:representation type="RESPONSE"><con:mediaType xsi:nil="true"/><con:status>200</con:status><con:params/><con:element>data</con:element></con:representation><con:representation type="RESPONSE"><con:mediaType xsi:nil="true"/><con:status>200</con:status><con:params/><con:element>data</con:element></con:representation><con:representation type="RESPONSE"><con:mediaType xsi:nil="true"/><con:status>200</con:status><con:params/><con:element>data</con:element></con:representation><con:request name="Insert" id="85f53d31-3cca-4d11-a80c-5a0b54fbb1b2" mediaType="application/json" postQueryString="false"><con:settings><con:setting id="com.eviware.soapui.impl.wsdl.WsdlRequest@request-headers">&lt;xml-fragment/></con:setting></con:settings><con:endpoint>http://localhost:8083</con:endpoint><con:request> {
      "id": -101,
      "naziv": "PoluSamofinansiranje",
      "oznaka": "PS"
 }</con:request><con:originalUri>http://localhost/status</con:originalUri><con:credentials><con:authType>No Authorization</con:authType></con:credentials><con:jmsConfig JMSDeliveryMode="PERSISTENT"/><con:jmsPropertyConfig/><con:parameters/></con:request></con:method></con:resource><con:resource name="Status Update" path="/status" id="082825ef-f146-45f5-a48d-38e69cd86283"><con:settings/><con:parameters/><con:method name="Method Update" id="d2cb709e-7651-4adc-b94e-08c907320edd" method="PUT"><con:settings/><con:parameters/><con:representation type="REQUEST"><con:mediaType>application/json</con:mediaType><con:params/></con:representation><con:representation type="RESPONSE"><con:mediaType xsi:nil="true"/><con:status>200</con:status><con:params/><con:element>data</con:element></con:representation><con:representation type="RESPONSE"><con:mediaType xsi:nil="true"/><con:status>200</con:status><con:params/><con:element>data</con:element></con:representation><con:request name="Update" id="58d79004-3da2-438b-ad32-118cef78ee93" mediaType="application/json" postQueryString="false"><con:settings><con:setting id="com.eviware.soapui.impl.wsdl.WsdlRequest@request-headers">&lt;xml-fragment/></con:setting></con:settings><con:endpoint>http://localhost:8083</con:endpoint><con:request> {
      "id": -100,
      "naziv": "PoluSamofinansiranje",
      "oznaka": "PS2"
 }</con:request><con:originalUri>http://localhost/status</con:originalUri><con:credentials><con:authType>No Authorization</con:authType></con:credentials><con:jmsConfig JMSDeliveryMode="PERSISTENT"/><con:jmsPropertyConfig/><con:parameters/></con:request></con:method></con:resource><con:resource name="Status Delete" path="/status/{id}" id="31b3bfea-f177-4781-98ab-68128c080212"><con:settings/><con:parameters><con:parameter><con:name>id</con:name><con:value>id</con:value><con:style>TEMPLATE</con:style><con:default>id</con:default></con:parameter></con:parameters><con:method name="Method Delete" id="239f8b16-8ae0-4600-9b8a-06021427b182" method="DELETE"><con:settings/><con:parameters/><con:representation type="RESPONSE"><con:mediaType xsi:nil="true"/><con:status>200</con:status><con:params/><con:element>data</con:element></con:representation><con:representation type="REQUEST"><con:mediaType>application/json</con:mediaType><con:params/></con:representation><con:representation type="RESPONSE"><con:mediaType xsi:nil="true"/><con:status>200</con:status><con:params/><con:element>data</con:element></con:representation><con:request name="Delete" id="70cf251e-8c93-42e2-971d-06e95ae295b0" mediaType="application/json" postQueryString="false"><con:settings><con:setting id="com.eviware.soapui.impl.wsdl.WsdlRequest@request-headers">&lt;xml-fragment/></con:setting></con:settings><con:endpoint>http://localhost:8083</con:endpoint><con:request/><con:originalUri>http://localhost/status/-100</con:originalUri><con:credentials><con:authType>No Authorization</con:authType></con:credentials><con:jmsConfig JMSDeliveryMode="PERSISTENT"/><con:jmsPropertyConfig/><con:parameters><entry key="id" value="-100" xmlns="http://eviware.com/soapui/config"/></con:parameters></con:request></con:method></con:resource><con:resource name="Fakultet Get All" path="/fakultet" id="a022f8aa-763a-4579-9107-f2442c182960"><con:settings/><con:parameters/><con:method name="Method Get All" id="65740b9c-2bdd-4f1d-b42e-d4e71399b18f" method="GET"><con:settings/><con:parameters/><con:representation type="RESPONSE"><con:mediaType>application/json;charset=UTF-8</con:mediaType><con:status>200</con:status><con:params/><con:element>Response</con:element></con:representation><con:representation type="RESPONSE"><con:mediaType xsi:nil="true"/><con:status>0</con:status><con:params/><con:element>data</con:element></con:representation><con:representation type="RESPONSE"><con:mediaType xsi:nil="true"/><con:status>0</con:status><con:params/><con:element>data</con:element></con:representation><con:representation type="RESPONSE"><con:mediaType xsi:nil="true"/><con:status>0</con:status><con:params/><con:element>data</con:element></con:representation><con:representation type="RESPONSE"><con:mediaType xsi:nil="true"/><con:status>0</con:status><con:params/><con:element>data</con:element></con:representation><con:request name="Get All" id="10ad47cd-dc41-4d8e-a4b4-bca433cc3ad9" mediaType="application/json"><con:settings><con:setting id="com.eviware.soapui.impl.wsdl.WsdlRequest@request-headers">&lt;xml-fragment/></con:setting></con:settings><con:endpoint>http://localhost:8083</con:endpoint><con:request/><con:originalUri>http://localhost/fakultet</con:originalUri><con:credentials><con:authType>No Authorization</con:authType></con:credentials><con:jmsConfig JMSDeliveryMode="PERSISTENT"/><con:jmsPropertyConfig/><con:parameters/></con:request></con:method></con:resource><con:resource name="Fakultet Get One By Id" path="/fakultet/{id}" id="6ca3898a-7487-44bf-94f6-713bd55fc125"><con:settings/><con:parameters><con:parameter><con:name>id</con:name><con:value>id</con:value><con:style>TEMPLATE</con:style><con:default>id</con:default></con:parameter></con:parameters><con:method name="Method Get One By Id" id="5cec03bb-07be-4235-9fb8-a10b32d989f7" method="GET"><con:settings/><con:parameters/><con:representation type="RESPONSE"><con:mediaType>application/json;charset=UTF-8</con:mediaType><con:status>200</con:status><con:params/><con:element xmlns:ns="http://localhost/fakultet/4">ns:Response</con:element></con:representation><con:request name="Get One By Id" id="0f7bb1c4-99dc-480c-99fe-b12da2cd2288" mediaType="application/json"><con:settings><con:setting id="com.eviware.soapui.impl.wsdl.WsdlRequest@request-headers">&lt;xml-fragment/></con:setting></con:settings><con:endpoint>http://localhost:8083</con:endpoint><con:request/><con:originalUri>http://localhost/fakultet/4</con:originalUri><con:credentials><con:authType>No Authorization</con:authType></con:credentials><con:jmsConfig JMSDeliveryMode="PERSISTENT"/><con:jmsPropertyConfig/><con:parameters><entry key="id" value="4" xmlns="http://eviware.com/soapui/config"/></con:parameters></con:request></con:method></con:resource><con:resource name="Fakultet Get By Naziv" path="/fakultetNaziv/{naziv}" id="7cd546f1-89ae-4f51-b25c-52d82d7c8ea9"><con:settings/><con:parameters><con:parameter><con:name>naziv</con:name><con:value>naziv</con:value><con:style>TEMPLATE</con:style><con:default>naziv</con:default></con:parameter></con:parameters><con:method name="Method Get By Naziv" id="6846881c-f217-43e7-8f0d-22c2188a2fa1" method="GET"><con:settings/><con:parameters/><con:representation type="RESPONSE"><con:mediaType>application/json;charset=UTF-8</con:mediaType><con:status>200</con:status><con:params/><con:element>Response</con:element></con:representation><con:request name="Get By Naziv" id="9c06c572-444c-48bf-ba20-e9b2e9df3588" mediaType="application/json"><con:settings><con:setting id="com.eviware.soapui.impl.wsdl.WsdlRequest@request-headers">&lt;xml-fragment/></con:setting></con:settings><con:endpoint>http://localhost:8083</con:endpoint><con:request/><con:originalUri>http://localhost/fakultetNaziv/mo</con:originalUri><con:credentials><con:authType>No Authorization</con:authType></con:credentials><con:jmsConfig JMSDeliveryMode="PERSISTENT"/><con:jmsPropertyConfig/><con:parameters><entry key="naziv" value="teh" xmlns="http://eviware.com/soapui/config"/></con:parameters></con:request></con:method></con:resource><con:resource name="Fakultet Insert" path="/fakultet" id="c7a75d4e-c3cb-46b5-83b7-1cd6a2491b6f"><con:settings/><con:parameters/><con:method name="Method Insert" id="42d0bde7-37f6-4d5a-ba53-50bf582ad5c6" method="POST"><con:settings/><con:parameters/><con:representation type="REQUEST"><con:mediaType>application/json</con:mediaType><con:params/></con:representation><con:representation type="RESPONSE"><con:mediaType xsi:nil="true"/><con:status>200</con:status><con:params/><con:element>data</con:element></con:representation><con:request name="Insert" id="afc7f443-cf46-417d-aa4b-164e6e4cdb55" mediaType="application/json" postQueryString="false"><con:settings><con:setting id="com.eviware.soapui.impl.wsdl.WsdlRequest@request-headers">&lt;xml-fragment/></con:setting></con:settings><con:endpoint>http://localhost:8083</con:endpoint><con:request>{
      "id": -101,
      "naziv": " fakultet",
      "sediste": "Beograd"
   }</con:request><con:originalUri>http://localhost/fakultet</con:originalUri><con:credentials><con:authType>No Authorization</con:authType></con:credentials><con:jmsConfig JMSDeliveryMode="PERSISTENT"/><con:jmsPropertyConfig/><con:parameters/></con:request></con:method></con:resource><con:resource name="Fakultet Update" path="/fakultet" id="6330be53-7c55-40b4-8e95-36f681af9571"><con:settings/><con:parameters/><con:method name="Method Update" id="c2d2c394-3b10-431f-8fdb-3e95b25b7cd6" method="PUT"><con:settings/><con:parameters/><con:representation type="REQUEST"><con:mediaType>application/json</con:mediaType><con:params/></con:representation><con:representation type="RESPONSE"><con:mediaType xsi:nil="true"/><con:status>200</con:status><con:params/><con:element>data</con:element></con:representation><con:representation type="RESPONSE"><con:mediaType xsi:nil="true"/><con:status>200</con:status><con:params/><con:element>data</con:element></con:representation><con:representation type="RESPONSE"><con:mediaType xsi:nil="true"/><con:status>200</con:status><con:params/><con:element>data</con:element></con:representation><con:representation type="RESPONSE"><con:mediaType xsi:nil="true"/><con:status>200</con:status><con:params/><con:element>data</con:element></con:representation><con:request name="Update" id="1a22e51a-99ed-4051-8545-5f77aa7cbb94" mediaType="application/json" postQueryString="false"><con:settings><con:setting id="com.eviware.soapui.impl.wsdl.WsdlRequest@request-headers">&lt;xml-fragment/></con:setting></con:settings><con:endpoint>http://localhost:8083</con:endpoint><con:request> {
      "id": -100,
      "naziv": " fakultet",
      "sediste": "Novi Sad"
   }</con:request><con:originalUri>http://localhost/fakultet</con:originalUri><con:credentials><con:authType>No Authorization</con:authType></con:credentials><con:jmsConfig JMSDeliveryMode="PERSISTENT"/><con:jmsPropertyConfig/><con:parameters/></con:request></con:method></con:resource><con:resource name="Fakultet Delete" path="/fakultet/{id}" id="c50cb363-d78a-4a83-baa7-d82e033f0ab1"><con:settings/><con:parameters><con:parameter><con:name>id</con:name><con:value>id</con:value><con:style>TEMPLATE</con:style><con:default>id</con:default></con:parameter></con:parameters><con:method name="Method Delete" id="26bd5ac8-9038-4750-a625-1acf572034ab" method="DELETE"><con:settings/><con:parameters/><con:representation type="RESPONSE"><con:mediaType xsi:nil="true"/><con:status>0</con:status><con:params/><con:element>data</con:element></con:representation><con:representation type="REQUEST"><con:mediaType>application/json</con:mediaType><con:params/></con:representation><con:representation type="RESPONSE"><con:mediaType xsi:nil="true"/><con:status>200</con:status><con:params/><con:element>data</con:element></con:representation><con:representation type="RESPONSE"><con:mediaType xsi:nil="true"/><con:status>204</con:status><con:params/><con:element>data</con:element></con:representation><con:representation type="RESPONSE"><con:mediaType xsi:nil="true"/><con:status>204</con:status><con:params/><con:element>data</con:element></con:representation><con:representation type="RESPONSE"><con:mediaType xsi:nil="true"/><con:status>204</con:status><con:params/><con:element>data</con:element></con:representation><con:representation type="RESPONSE"><con:mediaType xsi:nil="true"/><con:status>200</con:status><con:params/><con:element>data</con:element></con:representation><con:representation type="RESPONSE"><con:mediaType xsi:nil="true"/><con:status>204</con:status><con:params/><con:element>data</con:element></con:representation><con:representation type="RESPONSE"><con:mediaType xsi:nil="true"/><con:status>204</con:status><con:params/><con:element>data</con:element></con:representation><con:representation type="RESPONSE"><con:mediaType xsi:nil="true"/><con:status>200</con:status><con:params/><con:element>data</con:element></con:representation><con:request name="Delete" id="df1c2c9d-85a4-48f5-8835-65273b0b2cd3" mediaType="application/json" postQueryString="false"><con:settings><con:setting id="com.eviware.soapui.impl.wsdl.WsdlRequest@request-headers">&lt;xml-fragment/></con:setting></con:settings><con:endpoint>http://localhost:8083</con:endpoint><con:request/><con:originalUri>http://localhost/fakultet/-100</con:originalUri><con:credentials><con:authType>No Authorization</con:authType></con:credentials><con:jmsConfig JMSDeliveryMode="PERSISTENT"/><con:jmsPropertyConfig/><con:parameters><entry key="id" value="-100" xmlns="http://eviware.com/soapui/config"/></con:parameters></con:request></con:method></con:resource><con:resource name="Student Get All" path="/student" id="dc1ba3fb-eaaf-4eac-b79f-8dcc4c70d1c6"><con:settings/><con:parameters/><con:method name="Method Get All" id="96cdf536-b9c5-410a-ab0c-906e6acb3d21" method="GET"><con:settings/><con:parameters/><con:representation type="RESPONSE"><con:mediaType>application/json;charset=UTF-8</con:mediaType><con:status>200</con:status><con:params/><con:element>Response</con:element></con:representation><con:representation type="RESPONSE"><con:mediaType xsi:nil="true"/><con:status>0</con:status><con:params/><con:element>data</con:element></con:representation><con:representation type="RESPONSE"><con:mediaType xsi:nil="true"/><con:status>0</con:status><con:params/><con:element>data</con:element></con:representation><con:representation type="RESPONSE"><con:mediaType xsi:nil="true"/><con:status>0</con:status><con:params/><con:element>data</con:element></con:representation><con:representation type="RESPONSE"><con:mediaType xsi:nil="true"/><con:status>0</con:status><con:params/><con:element>data</con:element></con:representation><con:representation type="RESPONSE"><con:mediaType xsi:nil="true"/><con:status>0</con:status><con:params/><con:element>data</con:element></con:representation><con:request name="Get All" id="bb47898d-4d29-4a21-928a-16f2837e7bdd" mediaType="application/json"><con:settings><con:setting id="com.eviware.soapui.impl.wsdl.WsdlRequest@request-headers">&lt;xml-fragment/></con:setting></con:settings><con:encoding>UTF-8</con:encoding><con:endpoint>http://localhost:8083</con:endpoint><con:request/><con:originalUri>http://localhost/student</con:originalUri><con:credentials><con:authType>No Authorization</con:authType></con:credentials><con:jmsConfig JMSDeliveryMode="PERSISTENT"/><con:jmsPropertyConfig/><con:parameters/></con:request></con:method></con:resource><con:resource name="Student Get One By Id" path="/student/{id}" id="20c034be-2064-4ce4-a5b8-1e4dc0c067d3"><con:settings/><con:parameters><con:parameter><con:name>id</con:name><con:value>id</con:value><con:style>TEMPLATE</con:style><con:default>id</con:default></con:parameter></con:parameters><con:method name="Method Get One By Id" id="fe472b41-c23a-494f-bab9-e606cc4ee935" method="GET"><con:settings/><con:parameters/><con:representation type="RESPONSE"><con:mediaType>application/json;charset=UTF-8</con:mediaType><con:status>200</con:status><con:params/><con:element xmlns:ns="http://localhost/student/2">ns:Response</con:element></con:representation><con:representation type="RESPONSE"><con:mediaType xsi:nil="true"/><con:status>0</con:status><con:params/><con:element>data</con:element></con:representation><con:request name="Get One By Id" id="9df347bc-3c05-4e90-ab14-2a4d5d2a5dc3" mediaType="application/json"><con:settings><con:setting id="com.eviware.soapui.impl.wsdl.WsdlRequest@request-headers">&lt;xml-fragment/></con:setting></con:settings><con:endpoint>http://localhost:8083</con:endpoint><con:request/><con:originalUri>http://localhost/student/2</con:originalUri><con:credentials><con:authType>No Authorization</con:authType></con:credentials><con:jmsConfig JMSDeliveryMode="PERSISTENT"/><con:jmsPropertyConfig/><con:parameters><entry key="id" value="2" xmlns="http://eviware.com/soapui/config"/></con:parameters></con:request></con:method></con:resource><con:resource name="Student Get By Departman" path="/studentSaDepartmanaId/{id}" id="8ec8a26d-9790-4ac3-8167-4b33fb3a31c7"><con:settings/><con:parameters><con:parameter><con:name>id</con:name><con:value>id</con:value><con:style>TEMPLATE</con:style><con:default>id</con:default></con:parameter></con:parameters><con:method name="Method Get By Departman" id="3b844e1f-c67f-48ec-b79a-5dbff13f0ec8" method="GET"><con:settings/><con:parameters/><con:representation type="FAULT"><con:mediaType>application/json;charset=UTF-8</con:mediaType><con:status>405 404</con:status><con:params/><con:element xmlns:ns="http://localhost/studentSaDepartmanaId/2">ns:Fault</con:element></con:representation><con:representation type="RESPONSE"><con:mediaType>application/json;charset=UTF-8</con:mediaType><con:status>200</con:status><con:params/><con:element>Response</con:element></con:representation><con:request name="Get By Departman" id="a4c35d21-2711-4f59-b5b5-30d70f066866" mediaType="application/json"><con:settings><con:setting id="com.eviware.soapui.impl.wsdl.WsdlRequest@request-headers">&lt;xml-fragment/></con:setting></con:settings><con:endpoint>http://localhost:8083</con:endpoint><con:request/><con:originalUri>http://localhost/studentSaDepartmanaId/2</con:originalUri><con:credentials><con:authType>No Authorization</con:authType></con:credentials><con:jmsConfig JMSDeliveryMode="PERSISTENT"/><con:jmsPropertyConfig/><con:parameters><entry key="id" value="2" xmlns="http://eviware.com/soapui/config"/></con:parameters></con:request></con:method></con:resource><con:resource name="Student Insert" path="/student" id="84ce02d1-a22c-4c23-b564-d158232f1f9b"><con:settings/><con:parameters/><con:method name="Method Insert" id="794e0db6-9e19-4a5f-8f5c-d12b6beb624c" method="POST"><con:settings/><con:parameters/><con:representation type="REQUEST"><con:mediaType>application/json</con:mediaType><con:params/></con:representation><con:representation type="FAULT"><con:mediaType>application/json;charset=UTF-8</con:mediaType><con:status>405 500</con:status><con:params/><con:element xmlns:stud="http://localhost/student">stud:Fault</con:element></con:representation><con:representation type="RESPONSE"><con:mediaType xsi:nil="true"/><con:status>200</con:status><con:params/><con:element>data</con:element></con:representation><con:request name="Insert" id="d73a2041-534a-499e-9828-0df19d20919f" mediaType="application/json" postQueryString="false"><con:settings><con:setting id="com.eviware.soapui.impl.wsdl.WsdlRequest@request-headers">&lt;xml-fragment/></con:setting></con:settings><con:endpoint>http://localhost:8083</con:endpoint><con:request>{
   "id": -101,
   "brojIndeksa": "EI25-2017",
   "ime": "Jovan",
   "prezime": "Ilic",
   "departman":    {
      "id": 15,
      "naziv": "Departman za energetiku, elektroniku i telekomunikacije",
      "oznaka": "EET",
      "fakultet":       {
         "id": 1,
         "naziv": "Fakultet tehničkih nauka",
         "sediste": "Novi Sad"
      }
   },
   "status":    {
      "id": 1,
      "naziv": "Samofinansiranje",
      "oznaka": "S"
   }
}</con:request><con:originalUri>http://localhost/student</con:originalUri><con:credentials><con:authType>No Authorization</con:authType></con:credentials><con:jmsConfig JMSDeliveryMode="PERSISTENT"/><con:jmsPropertyConfig/><con:parameters/></con:request></con:method></con:resource><con:resource name="Student Update" path="/student" id="8ad7164c-e995-4fcd-8a56-717fc5198e54"><con:settings/><con:parameters/><con:method name="Method Update" id="94feeadd-1513-4027-bba3-d1e50debb13b" method="PUT"><con:settings/><con:parameters/><con:representation type="REQUEST"><con:mediaType>application/json</con:mediaType><con:params/></con:representation><con:representation type="RESPONSE"><con:mediaType xsi:nil="true"/><con:status>204</con:status><con:params/><con:element>data</con:element></con:representation><con:representation type="RESPONSE"><con:mediaType xsi:nil="true"/><con:status>204</con:status><con:params/><con:element>data</con:element></con:representation><con:representation type="RESPONSE"><con:mediaType xsi:nil="true"/><con:status>204</con:status><con:params/><con:element>data</con:element></con:representation><con:representation type="RESPONSE"><con:mediaType xsi:nil="true"/><con:status>204</con:status><con:params/><con:element>data</con:element></con:representation><con:representation type="RESPONSE"><con:mediaType xsi:nil="true"/><con:status>204</con:status><con:params/><con:element>data</con:element></con:representation><con:representation type="RESPONSE"><con:mediaType xsi:nil="true"/><con:status>200</con:status><con:params/><con:element>data</con:element></con:representation><con:representation type="RESPONSE"><con:mediaType xsi:nil="true"/><con:status>200</con:status><con:params/><con:element>data</con:element></con:representation><con:representation type="RESPONSE"><con:mediaType xsi:nil="true"/><con:status>200</con:status><con:params/><con:element>data</con:element></con:representation><con:representation type="RESPONSE"><con:mediaType xsi:nil="true"/><con:status>204</con:status><con:params/><con:element>data</con:element></con:representation><con:representation type="RESPONSE"><con:mediaType xsi:nil="true"/><con:status>200</con:status><con:params/><con:element>data</con:element></con:representation><con:representation type="RESPONSE"><con:mediaType xsi:nil="true"/><con:status>200</con:status><con:params/><con:element>data</con:element></con:representation><con:request name="Update" id="06aab3ae-bed8-40d8-a3aa-f247009ea940" mediaType="application/json" postQueryString="false"><con:settings><con:setting id="com.eviware.soapui.impl.wsdl.WsdlRequest@request-headers">&lt;xml-fragment/></con:setting></con:settings><con:encoding>UTF-8</con:encoding><con:endpoint>http://localhost:8083</con:endpoint><con:request>{
   "id": -100,
   "brojIndeksa": "EI25-2017",
   "ime": "Aleksa",
   "prezime": "Ilić",
   "departman":    {
      "id": 15,
      "naziv": "Departman za energetiku, elektroniku i telekomunikacije",
      "oznaka": "EET",
      "fakultet":       {
         "id": 1,
         "naziv": "Fakultet tehničkih nauka",
         "sediste": "Novi Sad"
      }
   },
   "status":    {
      "id": 1,
      "naziv": "Samofinansiranje",
      "oznaka": "S"
   }
}</con:request><con:originalUri>http://localhost/student</con:originalUri><con:credentials><con:authType>No Authorization</con:authType></con:credentials><con:jmsConfig JMSDeliveryMode="PERSISTENT"/><con:jmsPropertyConfig/><con:parameters/></con:request></con:method></con:resource><con:resource name="Student Delete" path="/student/{id}" id="fe1e93e6-64a4-47f3-8677-c660a47af546"><con:settings/><con:parameters><con:parameter><con:name>id</con:name><con:style>TEMPLATE</con:style></con:parameter></con:parameters><con:method name="Method Delete" id="4d357461-f5a8-4117-9be9-174db388e22b" method="DELETE"><con:settings/><con:parameters/><con:representation type="REQUEST"><con:mediaType>application/json</con:mediaType><con:params/></con:representation><con:representation type="FAULT"><con:mediaType>application/json;charset=UTF-8</con:mediaType><con:status>405 500</con:status><con:params/><con:element xmlns:ns="http://localhost/student/-100">ns:Fault</con:element></con:representation><con:representation type="RESPONSE"><con:mediaType xsi:nil="true"/><con:status>0</con:status><con:params/><con:element>data</con:element></con:representation><con:representation type="RESPONSE"><con:mediaType xsi:nil="true"/><con:status>0</con:status><con:params/><con:element>data</con:element></con:representation><con:representation type="RESPONSE"><con:mediaType xsi:nil="true"/><con:status>204</con:status><con:params/><con:element>data</con:element></con:representation><con:representation type="RESPONSE"><con:mediaType xsi:nil="true"/><con:status>204</con:status><con:params/><con:element>data</con:element></con:representation><con:representation type="RESPONSE"><con:mediaType xsi:nil="true"/><con:status>204</con:status><con:params/><con:element>data</con:element></con:representation><con:representation type="RESPONSE"><con:mediaType xsi:nil="true"/><con:status>204</con:status><con:params/><con:element>data</con:element></con:representation><con:representation type="RESPONSE"><con:mediaType xsi:nil="true"/><con:status>204</con:status><con:params/><con:element>data</con:element></con:representation><con:representation type="RESPONSE"><con:mediaType xsi:nil="true"/><con:status>204</con:status><con:params/><con:element>data</con:element></con:representation><con:representation type="RESPONSE"><con:mediaType xsi:nil="true"/><con:status>204</con:status><con:params/><con:element>data</con:element></con:representation><con:representation type="RESPONSE"><con:mediaType xsi:nil="true"/><con:status>204</con:status><con:params/><con:element>data</con:element></con:representation><con:representation type="RESPONSE"><con:mediaType xsi:nil="true"/><con:status>204</con:status><con:params/><con:element>data</con:element></con:representation><con:representation type="RESPONSE"><con:mediaType xsi:nil="true"/><con:status>200</con:status><con:params/><con:element>data</con:element></con:representation><con:representation type="RESPONSE"><con:mediaType xsi:nil="true"/><con:status>200</con:status><con:params/><con:element>data</con:element></con:representation><con:representation type="RESPONSE"><con:mediaType xsi:nil="true"/><con:status>200</con:status><con:params/><con:element>data</con:element></con:representation><con:representation type="RESPONSE"><con:mediaType xsi:nil="true"/><con:status>200</con:status><con:params/><con:element>data</con:element></con:representation><con:request name="Delete" id="6d5fd8eb-7447-4223-a05b-5982dd65b647" mediaType="application/json" postQueryString="false"><con:settings><con:setting id="com.eviware.soapui.impl.wsdl.WsdlRequest@request-headers">&lt;xml-fragment/></con:setting></con:settings><con:endpoint>http://localhost:8083</con:endpoint><con:request/><con:originalUri>http://localhost/student/-100</con:originalUri><con:credentials><con:authType>No Authorization</con:authType></con:credentials><con:jmsConfig JMSDeliveryMode="PERSISTENT"/><con:jmsPropertyConfig/><con:parameters><entry key="id" value="-100" xmlns="http://eviware.com/soapui/config"/></con:parameters><con:parameterOrder><con:entry>id</con:entry></con:parameterOrder></con:request></con:method></con:resource><con:resource name="Departman Get All" path="/departman" id="63c2a40c-5583-4755-ba18-62d294eddc44"><con:settings/><con:parameters/><con:method name="Method Get All" id="1e89ebb0-f83a-4ce2-83e9-74d219425644" method="GET"><con:settings/><con:parameters/><con:representation type="RESPONSE"><con:mediaType>application/json;charset=UTF-8</con:mediaType><con:status>200</con:status><con:params/><con:element>Response</con:element></con:representation><con:request name="Get All" id="d7118f93-77f1-475f-9d8b-a2bd70dbabfa" mediaType="application/json"><con:settings><con:setting id="com.eviware.soapui.impl.wsdl.WsdlRequest@request-headers">&lt;xml-fragment/></con:setting></con:settings><con:endpoint>http://localhost:8083</con:endpoint><con:request/><con:originalUri>http://localhost/departman</con:originalUri><con:credentials><con:authType>No Authorization</con:authType></con:credentials><con:jmsConfig JMSDeliveryMode="PERSISTENT"/><con:jmsPropertyConfig/><con:parameters/></con:request></con:method></con:resource><con:resource name="Departman Get One By Id" path="/departman/{id}" id="92735cca-f5dd-4f5e-af39-84069c090436"><con:settings/><con:parameters><con:parameter><con:name>id</con:name><con:value>id</con:value><con:style>TEMPLATE</con:style><con:default>id</con:default></con:parameter></con:parameters><con:method name="Method Get One By Id" id="3807967a-56eb-4883-9a99-e1bf9bab7dca" method="GET"><con:settings/><con:parameters/><con:representation type="RESPONSE"><con:mediaType>application/json;charset=UTF-8</con:mediaType><con:status>200</con:status><con:params/><con:element xmlns:ns="http://localhost/departman/15">ns:Response</con:element></con:representation><con:request name="Get One By Id" id="2ab17502-257d-4a12-8c7b-61e1471f79b4" mediaType="application/json"><con:settings><con:setting id="com.eviware.soapui.impl.wsdl.WsdlRequest@request-headers">&lt;xml-fragment/></con:setting></con:settings><con:endpoint>http://localhost:8083</con:endpoint><con:request/><con:originalUri>http://localhost/departman/15</con:originalUri><con:credentials><con:authType>No Authorization</con:authType></con:credentials><con:jmsConfig JMSDeliveryMode="PERSISTENT"/><con:jmsPropertyConfig/><con:parameters><entry key="id" value="15" xmlns="http://eviware.com/soapui/config"/></con:parameters></con:request></con:method></con:resource><con:resource name="Departman Get By Naziv" path="/departmanNaziv/{naziv}" id="5866d1e6-7c94-45e6-91ca-b383be539360"><con:settings/><con:parameters><con:parameter><con:name>naziv</con:name><con:value>naziv</con:value><con:style>TEMPLATE</con:style><con:default>naziv</con:default></con:parameter></con:parameters><con:method name="Method Get By Naziv" id="1de90cf0-5ee6-49b6-b2a8-32fc00ed5335" method="GET"><con:settings/><con:parameters/><con:representation type="RESPONSE"><con:mediaType>application/json;charset=UTF-8</con:mediaType><con:status>200</con:status><con:params/><con:element>Response</con:element></con:representation><con:request name="Get By Naziv" id="36029286-2cfa-4e83-b8ea-cb6b7284905d" mediaType="application/json"><con:settings><con:setting id="com.eviware.soapui.impl.wsdl.WsdlRequest@request-headers">&lt;xml-fragment/></con:setting></con:settings><con:endpoint>http://localhost:8083</con:endpoint><con:request/><con:originalUri>http://localhost/departmanNaziv/sto</con:originalUri><con:credentials><con:authType>No Authorization</con:authType></con:credentials><con:jmsConfig JMSDeliveryMode="PERSISTENT"/><con:jmsPropertyConfig/><con:parameters><entry key="naziv" value="sto" xmlns="http://eviware.com/soapui/config"/></con:parameters></con:request></con:method></con:resource><con:resource name="Departman Insert" path="/departman" id="6f276de6-71a8-4fc1-a735-d7c2a775351b"><con:settings/><con:parameters/><con:method name="Method Insert" id="8dc438dd-1742-4f85-8b6a-e6e3744396ef" method="POST"><con:settings/><con:parameters/><con:representation type="RESPONSE"><con:mediaType>text/plain;charset=UTF-8</con:mediaType><con:status>200</con:status><con:params/><con:element>data</con:element></con:representation><con:representation type="REQUEST"><con:mediaType>application/json</con:mediaType><con:params/></con:representation><con:representation type="RESPONSE"><con:mediaType xsi:nil="true"/><con:status>200</con:status><con:params/><con:element>data</con:element></con:representation><con:representation type="RESPONSE"><con:mediaType xsi:nil="true"/><con:status>200</con:status><con:params/><con:element>data</con:element></con:representation><con:request name="Insert" id="4081c397-ebad-458a-bb95-bb50ebe56f91" mediaType="application/json" postQueryString="false"><con:settings><con:setting id="com.eviware.soapui.impl.wsdl.WsdlRequest@request-headers">&lt;xml-fragment/></con:setting></con:settings><con:endpoint>http://localhost:8083</con:endpoint><con:request> {
      "id": -101,
      "naziv": "Departman ",
      "oznaka": "BE",
      "fakultet":       {
         "id": 2,
         "naziv": "Prirodno-matematički fakultet",
         "sediste": "Beograd"
      }
   },
    </con:request><con:originalUri>http://localhost/</con:originalUri><con:credentials><con:authType>No Authorization</con:authType></con:credentials><con:jmsConfig JMSDeliveryMode="PERSISTENT"/><con:jmsPropertyConfig/><con:parameters/></con:request></con:method></con:resource><con:resource name="Departman Update" path="/departman" id="5560fdc2-2492-431a-b150-67504c75ea5f"><con:settings/><con:parameters/><con:method name="Method Update" id="174b9bdf-7740-4bac-a017-f4c0d7d07f24" method="PUT"><con:settings/><con:parameters/><con:representation type="RESPONSE"><con:mediaType xsi:nil="true"/><con:status>200</con:status><con:params/><con:element>data</con:element></con:representation><con:representation type="REQUEST"><con:mediaType>application/json</con:mediaType><con:params/></con:representation><con:request name="Update" id="e1986e4a-8c64-4bda-8cbe-f0f6617cadd4" mediaType="application/json" postQueryString="false"><con:settings><con:setting id="com.eviware.soapui.impl.wsdl.WsdlRequest@request-headers">&lt;xml-fragment/></con:setting></con:settings><con:endpoint>http://localhost:8083</con:endpoint><con:request> {
      "id": -100,
      "naziv": "Test",
      "oznaka": "T",
      "fakultet":       {
         "id": 2,
         "naziv": "Prirodno-matematički fakultet",
         "sediste": "Beograd"
      }
   },
    </con:request><con:originalUri>http://localhost/departman</con:originalUri><con:credentials><con:authType>No Authorization</con:authType></con:credentials><con:jmsConfig JMSDeliveryMode="PERSISTENT"/><con:jmsPropertyConfig/><con:parameters/></con:request></con:method></con:resource><con:resource name="Departman Delete" path="/departman/{id}" id="508b7f58-7689-4234-8b42-9d5b00e1f923"><con:settings/><con:parameters><con:parameter><con:name>id</con:name><con:value>id</con:value><con:style>TEMPLATE</con:style><con:default>id</con:default></con:parameter></con:parameters><con:method name="Method Delete" id="99390f6a-c569-4753-bd3e-180e158f72b8" method="DELETE"><con:settings/><con:parameters/><con:representation type="RESPONSE"><con:mediaType>application/json;charset=UTF-8</con:mediaType><con:status>200</con:status><con:params/><con:element xmlns:ns="http://localhost/departman/-100">ns:Response</con:element></con:representation><con:representation type="REQUEST"><con:mediaType>application/json</con:mediaType><con:params/></con:representation><con:representation type="FAULT"><con:mediaType>application/json;charset=UTF-8</con:mediaType><con:status>500</con:status><con:params/><con:element xmlns:ns="http://localhost/departman/-100">ns:Fault</con:element></con:representation><con:representation type="RESPONSE"><con:mediaType xsi:nil="true"/><con:status>200</con:status><con:params/><con:element>data</con:element></con:representation><con:request name="Delete" id="eec3ee4c-e625-4359-8ae6-764cb4f8abe5" mediaType="application/json" postQueryString="false"><con:settings><con:setting id="com.eviware.soapui.impl.wsdl.WsdlRequest@request-headers">&lt;xml-fragment/></con:setting></con:settings><con:endpoint>http://localhost:8083</con:endpoint><con:request/><con:originalUri>http://localhost/departman/-100</con:originalUri><con:credentials><con:authType>No Authorization</con:authType></con:credentials><con:jmsConfig JMSDeliveryMode="PERSISTENT"/><con:jmsPropertyConfig/><con:parameters><entry key="id" value="-100" xmlns="http://eviware.com/soapui/config"/></con:parameters></con:request></con:method></con:resource></con:interface><con:testSuite id="c1ef90cc-2192-44ce-9cb2-627c2981280b" name="RVATestSuite"><con:description>TestSuite generated for REST Service [http://localhost:8083]</con:description><con:settings/><con:runType>SEQUENTIAL</con:runType><con:testCase id="882eaccd-f1c6-4f7c-9da8-67caf6404502" failOnError="true" failTestCaseOnErrors="true" keepSession="false" maxResults="0" name="http://localhost:8083 TestSuite" searchProperties="true"><con:settings/><con:testStep type="restrequest" name="Status Get All" id="aee53f15-546b-4163-b86c-f5215fd9212e"><con:settings/><con:config service="http://localhost:8083" resourcePath="/status" methodName="Method Get All" xsi:type="con:RestRequestStep" xmlns:xsi="http://www.w3.org/2001/XMLSchema-instance"><con:restRequest name="Status Get All" id="d73c694b-984a-45fa-be10-b350c1475c48" mediaType="application/json"><con:settings><con:setting id="com.eviware.soapui.impl.wsdl.WsdlRequest@request-headers">&lt;xml-fragment/></con:setting></con:settings><con:endpoint>http://localhost:8083</con:endpoint><con:request/><con:originalUri>http://localhost/status</con:originalUri><con:assertion type="Valid HTTP Status Codes" id="5b6701df-9619-485d-919e-0cc83c494e94" name="Valid HTTP Status Codes"><con:configuration><codes>200</codes></con:configuration></con:assertion><con:credentials><con:authType>No Authorization</con:authType></con:credentials><con:jmsConfig JMSDeliveryMode="PERSISTENT"/><con:jmsPropertyConfig/><con:parameters/></con:restRequest></con:config></con:testStep><con:testStep type="restrequest" name="Status Get By Naziv" id="b0f2dd97-dd18-4f6c-a1b9-ac9adf39ae86"><con:settings/><con:config service="http://localhost:8083" resourcePath="/statusNaziv/{naziv}" methodName="Method Get By Naziv" xsi:type="con:RestRequestStep" xmlns:xsi="http://www.w3.org/2001/XMLSchema-instance"><con:restRequest name="Status Get By Naziv" id="1a6e25aa-2582-43dd-b4e1-7a14c6906bcd" mediaType="application/json"><con:settings><con:setting id="com.eviware.soapui.impl.wsdl.WsdlRequest@request-headers">&lt;xml-fragment/></con:setting></con:settings><con:endpoint>http://localhost:8083</con:endpoint><con:request/><con:originalUri>http://localhost/statusNaziv/%22samo%22</con:originalUri><con:assertion type="Valid HTTP Status Codes" id="31e35837-44c6-422e-8882-b6e2f3d3449a" name="Valid HTTP Status Codes"><con:configuration><codes>200
</codes></con:configuration></con:assertion><con:credentials><con:authType>No Authorization</con:authType></con:credentials><con:jmsConfig JMSDeliveryMode="PERSISTENT"/><con:jmsPropertyConfig/><con:parameters><entry key="naziv" value="bu" xmlns="http://eviware.com/soapui/config"/></con:parameters></con:restRequest></con:config></con:testStep><con:testStep type="restrequest" name="Status Insert" id="59c6f4e3-d433-467d-b0c6-20cfba6c18ea"><con:settings/><con:config service="http://localhost:8083" resourcePath="/status" methodName="Method Insert" xsi:type="con:RestRequestStep" xmlns:xsi="http://www.w3.org/2001/XMLSchema-instance"><con:restRequest name="Status Insert" id="85f53d31-3cca-4d11-a80c-5a0b54fbb1b2" mediaType="application/json" postQueryString="false"><con:settings><con:setting id="com.eviware.soapui.impl.wsdl.WsdlRequest@request-headers">&lt;xml-fragment/></con:setting></con:settings><con:endpoint>http://localhost:8083</con:endpoint><con:request> {
      "id": -10,
      "naziv": "PoluSamofinansiranje",
      "oznaka": "PS"
 }</con:request><con:originalUri>http://localhost/status</con:originalUri><con:assertion type="Valid HTTP Status Codes" id="f9974156-ad38-4dac-914c-111d78951846" name="Valid HTTP Status Codes"><con:configuration><codes>200
</codes></con:configuration></con:assertion><con:credentials><con:authType>No Authorization</con:authType></con:credentials><con:jmsConfig JMSDeliveryMode="PERSISTENT"/><con:jmsPropertyConfig/><con:parameters/></con:restRequest></con:config></con:testStep><con:testStep type="restrequest" name="Status Update" id="154ed0a3-939a-4ced-ba27-de2adbee536a"><con:settings/><con:config service="http://localhost:8083" resourcePath="/status" methodName="Method Update" xsi:type="con:RestRequestStep" xmlns:xsi="http://www.w3.org/2001/XMLSchema-instance"><con:restRequest name="Status Update" id="58d79004-3da2-438b-ad32-118cef78ee93" mediaType="application/json" postQueryString="false"><con:settings><con:setting id="com.eviware.soapui.impl.wsdl.WsdlRequest@request-headers">&lt;xml-fragment/></con:setting></con:settings><con:endpoint>http://localhost:8083</con:endpoint><con:request> {
      "id": -100,
      "naziv": "PoluSamofinansiranje",
      "oznaka": "PS2"
 }</con:request><con:originalUri>http://localhost/status</con:originalUri><con:assertion type="Valid HTTP Status Codes" id="5bb1f95a-4143-44e3-a8ff-e17117277cfc" name="Valid HTTP Status Codes"><con:configuration><codes>200</codes></con:configuration></con:assertion><con:credentials><con:authType>No Authorization</con:authType></con:credentials><con:jmsConfig JMSDeliveryMode="PERSISTENT"/><con:jmsPropertyConfig/><con:parameters/></con:restRequest></con:config></con:testStep><con:testStep type="restrequest" name="Status Delete" id="0cb24593-ab30-4661-a686-0ae06d5c87f8"><con:settings/><con:config service="http://localhost:8083" resourcePath="/status/{id}" methodName="Method Delete" xsi:type="con:RestRequestStep" xmlns:xsi="http://www.w3.org/2001/XMLSchema-instance"><con:restRequest name="Status Delete" id="70cf251e-8c93-42e2-971d-06e95ae295b0" mediaType="application/json" postQueryString="false"><con:settings><con:setting id="com.eviware.soapui.impl.wsdl.WsdlRequest@request-headers">&lt;xml-fragment/></con:setting></con:settings><con:endpoint>http://localhost:8083</con:endpoint><con:request/><con:originalUri>http://localhost/status/-100</con:originalUri><con:assertion type="Valid HTTP Status Codes" id="e8dbff90-376b-42e5-81ef-2f4e44179ebd" name="Valid HTTP Status Codes"><con:configuration><codes>200</codes></con:configuration></con:assertion><con:credentials><con:authType>No Authorization</con:authType></con:credentials><con:jmsConfig JMSDeliveryMode="PERSISTENT"/><con:jmsPropertyConfig/><con:parameters><entry key="id" value="-100" xmlns="http://eviware.com/soapui/config"/></con:parameters></con:restRequest></con:config></con:testStep><con:testStep type="restrequest" name="Status Get One By Id" id="f9ee89db-1973-40ad-8bc3-faa8e2814762"><con:settings/><con:config service="http://localhost:8083" methodName="Method Get One By Id" resourcePath="/status/{id}" xsi:type="con:RestRequestStep" xmlns:xsi="http://www.w3.org/2001/XMLSchema-instance"><con:restRequest name="Status Get One By Id" id="3600b4e8-3792-435a-a5dc-20fe839ca77d" mediaType="application/json"><con:settings><con:setting id="com.eviware.soapui.impl.wsdl.WsdlRequest@request-headers">&lt;xml-fragment/></con:setting></con:settings><con:encoding>UTF-8</con:encoding><con:endpoint>http://localhost:8083</con:endpoint><con:request/><con:originalUri>http://localhost/status/2</con:originalUri><con:assertion type="Valid HTTP Status Codes" id="5026d5d6-f335-4729-9bac-4029476602b9" name="Valid HTTP Status Codes"><con:configuration><codes>200</codes></con:configuration></con:assertion><con:credentials><con:authType>No Authorization</con:authType></con:credentials><con:jmsConfig JMSDeliveryMode="PERSISTENT"/><con:jmsPropertyConfig/><con:parameters><entry key="id" value="2" xmlns="http://eviware.com/soapui/config"/></con:parameters></con:restRequest></con:config></con:testStep><con:testStep type="restrequest" name="Fakultet Get All" id="ce52ac8e-5cb6-4b21-ba3e-6add2ea5b97d"><con:settings/><con:config service="http://localhost:8083" resourcePath="/fakultet" methodName="Method Get All" xsi:type="con:RestRequestStep" xmlns:xsi="http://www.w3.org/2001/XMLSchema-instance"><con:restRequest name="Fakultet Get All" id="10ad47cd-dc41-4d8e-a4b4-bca433cc3ad9" mediaType="application/json"><con:settings><con:setting id="com.eviware.soapui.impl.wsdl.WsdlRequest@request-headers">&lt;xml-fragment/></con:setting></con:settings><con:endpoint>http://localhost:8083</con:endpoint><con:request/><con:originalUri>http://localhost/fakultet</con:originalUri><con:assertion type="Valid HTTP Status Codes" id="12378494-0e15-40c1-bf16-492a2134429a" name="Valid HTTP Status Codes"><con:configuration><codes>200</codes></con:configuration></con:assertion><con:credentials><con:authType>No Authorization</con:authType></con:credentials><con:jmsConfig JMSDeliveryMode="PERSISTENT"/><con:jmsPropertyConfig/><con:parameters/></con:restRequest></con:config></con:testStep><con:testStep type="restrequest" name="Fakultet Get One By Id" id="2ab8c417-2030-4f3e-a606-524aeac732d5"><con:settings/><con:config service="http://localhost:8083" resourcePath="/fakultet/{id}" methodName="Method Get One By Id" xsi:type="con:RestRequestStep" xmlns:xsi="http://www.w3.org/2001/XMLSchema-instance"><con:restRequest name="Fakultet Get One By Id" id="0f7bb1c4-99dc-480c-99fe-b12da2cd2288" mediaType="application/json"><con:settings><con:setting id="com.eviware.soapui.impl.wsdl.WsdlRequest@request-headers">&lt;xml-fragment/></con:setting></con:settings><con:endpoint>http://localhost:8083</con:endpoint><con:request/><con:originalUri>http://localhost/fakultet/4</con:originalUri><con:assertion type="Valid HTTP Status Codes" id="c23755c0-bbad-4e31-a918-c757f540a39c" name="Valid HTTP Status Codes"><con:configuration><codes>200</codes></con:configuration></con:assertion><con:credentials><con:authType>No Authorization</con:authType></con:credentials><con:jmsConfig JMSDeliveryMode="PERSISTENT"/><con:jmsPropertyConfig/><con:parameters><entry key="id" value="4" xmlns="http://eviware.com/soapui/config"/></con:parameters></con:restRequest></con:config></con:testStep><con:testStep type="restrequest" name="Fakultet Get By Naziv" id="d316354a-9a49-4fc6-ab07-98024594298c"><con:settings/><con:config service="http://localhost:8083" resourcePath="/fakultetNaziv/{naziv}" methodName="Method Get By Naziv" xsi:type="con:RestRequestStep" xmlns:xsi="http://www.w3.org/2001/XMLSchema-instance"><con:restRequest name="Fakultet Get By Naziv" id="9c06c572-444c-48bf-ba20-e9b2e9df3588" mediaType="application/json"><con:settings><con:setting id="com.eviware.soapui.impl.wsdl.WsdlRequest@request-headers">&lt;xml-fragment/></con:setting></con:settings><con:endpoint>http://localhost:8083</con:endpoint><con:request/><con:originalUri>http://localhost/fakultetNaziv/mo</con:originalUri><con:assertion type="Valid HTTP Status Codes" id="22c5823c-8484-4dbd-a012-fffe537847f2" name="Valid HTTP Status Codes"><con:configuration><codes>200</codes></con:configuration></con:assertion><con:credentials><con:authType>No Authorization</con:authType></con:credentials><con:jmsConfig JMSDeliveryMode="PERSISTENT"/><con:jmsPropertyConfig/><con:parameters><entry key="naziv" value="teh" xmlns="http://eviware.com/soapui/config"/></con:parameters></con:restRequest></con:config></con:testStep><con:testStep type="restrequest" name="Fakultet Insert" id="f4eeafa4-7117-4721-93a9-78801f769533"><con:settings/><con:config service="http://localhost:8083" resourcePath="/fakultet" methodName="Method Insert" xsi:type="con:RestRequestStep" xmlns:xsi="http://www.w3.org/2001/XMLSchema-instance"><con:restRequest name="Fakultet Insert" id="afc7f443-cf46-417d-aa4b-164e6e4cdb55" mediaType="application/json" postQueryString="false"><con:settings><con:setting id="com.eviware.soapui.impl.wsdl.WsdlRequest@request-headers">&lt;xml-fragment/></con:setting></con:settings><con:endpoint>http://localhost:8083</con:endpoint><con:request>{
      "id": -101,
      "naziv": " fakultet",
      "sediste": "Beograd"
   }</con:request><con:originalUri>http://localhost/fakultet</con:originalUri><con:assertion type="Valid HTTP Status Codes" id="05d9ab1c-ee31-4795-8abd-79b094fb1299" name="Valid HTTP Status Codes"><con:configuration><codes>200</codes></con:configuration></con:assertion><con:credentials><con:authType>No Authorization</con:authType></con:credentials><con:jmsConfig JMSDeliveryMode="PERSISTENT"/><con:jmsPropertyConfig/><con:parameters/></con:restRequest></con:config></con:testStep><con:testStep type="restrequest" name="Fakultet Update" id="302f25bc-4415-4c54-8c83-f0c2a3cb4000"><con:settings/><con:config service="http://localhost:8083" resourcePath="/fakultet" methodName="Method Update" xsi:type="con:RestRequestStep" xmlns:xsi="http://www.w3.org/2001/XMLSchema-instance"><con:restRequest name="Fakultet Update" id="1a22e51a-99ed-4051-8545-5f77aa7cbb94" mediaType="application/json" postQueryString="false"><con:settings><con:setting id="com.eviware.soapui.impl.wsdl.WsdlRequest@request-headers">&lt;xml-fragment/></con:setting></con:settings><con:endpoint>http://localhost:8083</con:endpoint><con:request> {
      "id": -100,
      "naziv": "update fakultet",
      "sediste": "Novi Sad"
   }</con:request><con:originalUri>http://localhost/fakultet</con:originalUri><con:assertion type="Valid HTTP Status Codes" id="67c9725c-40b4-4d87-b8f7-fd97e57b5b59" name="Valid HTTP Status Codes"><con:configuration><codes>200</codes></con:configuration></con:assertion><con:credentials><con:authType>No Authorization</con:authType></con:credentials><con:jmsConfig JMSDeliveryMode="PERSISTENT"/><con:jmsPropertyConfig/><con:parameters/></con:restRequest></con:config></con:testStep><con:testStep type="restrequest" name="Fakultet Delete" id="a4a1eaa7-6e0e-4a79-b3cc-68f4d6e515bf"><con:settings/><con:config service="http://localhost:8083" resourcePath="/fakultet/{id}" methodName="Method Delete" xsi:type="con:RestRequestStep" xmlns:xsi="http://www.w3.org/2001/XMLSchema-instance"><con:restRequest name="Fakultet Delete" id="df1c2c9d-85a4-48f5-8835-65273b0b2cd3" mediaType="application/json" postQueryString="false"><con:settings><con:setting id="com.eviware.soapui.impl.wsdl.WsdlRequest@request-headers">&lt;xml-fragment/></con:setting></con:settings><con:endpoint>http://localhost:8083</con:endpoint><con:request/><con:originalUri>http://localhost/fakultet/-100</con:originalUri><con:assertion type="Valid HTTP Status Codes" id="91d2a849-9c3b-4591-87ce-cb7781ab538c" name="Valid HTTP Status Codes"><con:configuration><codes>200</codes></con:configuration></con:assertion><con:credentials><con:authType>No Authorization</con:authType></con:credentials><con:jmsConfig JMSDeliveryMode="PERSISTENT"/><con:jmsPropertyConfig/><con:parameters><entry key="id" value="-100" xmlns="http://eviware.com/soapui/config"/></con:parameters></con:restRequest></con:config></con:testStep><con:testStep type="restrequest" name="Student Get All" id="abb470d0-620e-4626-b894-5f87a71be65d"><con:settings/><con:config service="http://localhost:8083" resourcePath="/student" methodName="Method Get All" xsi:type="con:RestRequestStep" xmlns:xsi="http://www.w3.org/2001/XMLSchema-instance"><con:restRequest name="Student Get All" id="bb47898d-4d29-4a21-928a-16f2837e7bdd" mediaType="application/json"><con:settings><con:setting id="com.eviware.soapui.impl.wsdl.WsdlRequest@request-headers">&lt;xml-fragment/></con:setting></con:settings><con:encoding>UTF-8</con:encoding><con:endpoint>http://localhost:8083</con:endpoint><con:request/><con:originalUri>http://localhost/student</con:originalUri><con:assertion type="Valid HTTP Status Codes" id="dbe425d3-473e-40cd-8194-b234d2c6929e" name="Valid HTTP Status Codes"><con:configuration><codes>200</codes></con:configuration></con:assertion><con:credentials><con:authType>No Authorization</con:authType></con:credentials><con:jmsConfig JMSDeliveryMode="PERSISTENT"/><con:jmsPropertyConfig/><con:parameters/></con:restRequest></con:config></con:testStep><con:testStep type="restrequest" name="Student Get One By Id" id="aab3d258-2ebd-41c2-9103-085988fb22c5"><con:settings/><con:config service="http://localhost:8083" resourcePath="/student/{id}" methodName="Method Get One By Id" xsi:type="con:RestRequestStep" xmlns:xsi="http://www.w3.org/2001/XMLSchema-instance"><con:restRequest name="Student Get One By Id" id="9df347bc-3c05-4e90-ab14-2a4d5d2a5dc3" mediaType="application/json"><con:settings><con:setting id="com.eviware.soapui.impl.wsdl.WsdlRequest@request-headers">&lt;xml-fragment/></con:setting></con:settings><con:endpoint>http://localhost:8083</con:endpoint><con:request/><con:originalUri>http://localhost/student/2</con:originalUri><con:assertion type="Valid HTTP Status Codes" id="f29c5153-6a45-47cd-8d81-86295eb1e626" name="Valid HTTP Status Codes"><con:configuration><codes>200</codes></con:configuration></con:assertion><con:credentials><con:authType>No Authorization</con:authType></con:credentials><con:jmsConfig JMSDeliveryMode="PERSISTENT"/><con:jmsPropertyConfig/><con:parameters><entry key="id" value="2" xmlns="http://eviware.com/soapui/config"/></con:parameters></con:restRequest></con:config></con:testStep><con:testStep type="restrequest" name="Student Get By Departman" id="d74a9e7c-038d-4aad-a36b-d10fbb03d930"><con:settings/><con:config service="http://localhost:8083" resourcePath="/studentSaDepartmanaId/{id}" methodName="Method Get By Departman" xsi:type="con:RestRequestStep" xmlns:xsi="http://www.w3.org/2001/XMLSchema-instance"><con:restRequest name="Student Get By Departman" id="a4c35d21-2711-4f59-b5b5-30d70f066866" mediaType="application/json"><con:settings><con:setting id="com.eviware.soapui.impl.wsdl.WsdlRequest@request-headers">&lt;xml-fragment/></con:setting></con:settings><con:endpoint>http://localhost:8083</con:endpoint><con:request/><con:originalUri>http://localhost/studentSaDepartmanaId/2</con:originalUri><con:assertion type="Valid HTTP Status Codes" id="6a4986a6-fad2-40cd-83a0-368b52359479" name="Valid HTTP Status Codes"><con:configuration><codes>200</codes></con:configuration></con:assertion><con:credentials><con:authType>No Authorization</con:authType></con:credentials><con:jmsConfig JMSDeliveryMode="PERSISTENT"/><con:jmsPropertyConfig/><con:parameters><entry key="id" value="2" xmlns="http://eviware.com/soapui/config"/></con:parameters></con:restRequest></con:config></con:testStep><con:testStep type="restrequest" name="Student Insert" id="78ced9ff-97b6-4e74-8e18-00b41ad06f2a"><con:settings/><con:config service="http://localhost:8083" resourcePath="/student" methodName="Method Insert" xsi:type="con:RestRequestStep" xmlns:xsi="http://www.w3.org/2001/XMLSchema-instance"><con:restRequest name="Student Insert" id="d73a2041-534a-499e-9828-0df19d20919f" mediaType="application/json" postQueryString="false"><con:settings><con:setting id="com.eviware.soapui.impl.wsdl.WsdlRequest@request-headers">&lt;xml-fragment/></con:setting></con:settings><con:endpoint>http://localhost:8083</con:endpoint><con:request>{
   "id": -101,
   "brojIndeksa": "EI25-2017",
   "ime": "Jovan",
   "prezime": "Ilic",
   "departman":    {
      "id": 15,
      "naziv": "Departman za energetiku, elektroniku i telekomunikacije",
      "oznaka": "EET",
      "fakultet":       {
         "id": 1,
         "naziv": "Fakultet tehničkih nauka",
         "sediste": "Novi Sad"
      }
   },
   "status":    {
      "id": 1,
      "naziv": "Samofinansiranje",
      "oznaka": "S"
   }
}</con:request><con:originalUri>http://localhost/student</con:originalUri><con:assertion type="Valid HTTP Status Codes" id="b1c57da9-6b82-4670-af08-f8c85ef27a63" name="Valid HTTP Status Codes"><con:configuration><codes>200</codes></con:configuration></con:assertion><con:credentials><con:authType>No Authorization</con:authType></con:credentials><con:jmsConfig JMSDeliveryMode="PERSISTENT"/><con:jmsPropertyConfig/><con:parameters/></con:restRequest></con:config></con:testStep><con:testStep type="restrequest" name="Student Update" id="7ee1a96a-78cb-4121-afca-e218ef3b8410"><con:settings/><con:config service="http://localhost:8083" resourcePath="/student" methodName="Method Update" xsi:type="con:RestRequestStep" xmlns:xsi="http://www.w3.org/2001/XMLSchema-instance"><con:restRequest name="Student Update" id="06aab3ae-bed8-40d8-a3aa-f247009ea940" mediaType="application/json" postQueryString="false"><con:settings><con:setting id="com.eviware.soapui.impl.wsdl.WsdlRequest@request-headers">&lt;xml-fragment/></con:setting></con:settings><con:encoding>UTF-8</con:encoding><con:endpoint>http://localhost:8083</con:endpoint><con:request>{
   "id": -100,
   "brojIndeksa": "EI25-2017",
   "ime": "Aleksa",
   "prezime": "Ilić",
   "departman":    {
      "id": 15,
      "naziv": "Departman za energetiku, elektroniku i telekomunikacije",
      "oznaka": "EET",
      "fakultet":       {
         "id": 1,
         "naziv": "Fakultet tehničkih nauka",
         "sediste": "Novi Sad"
      }
   },
   "status":    {
      "id": 1,
      "naziv": "Samofinansiranje",
      "oznaka": "S"
   }
}</con:request><con:originalUri>http://localhost/student</con:originalUri><con:assertion type="Valid HTTP Status Codes" id="da5eed47-c8b8-4acd-bb39-cbd06c04f742" name="Valid HTTP Status Codes"><con:configuration><codes>200</codes></con:configuration></con:assertion><con:credentials><con:authType>No Authorization</con:authType></con:credentials><con:jmsConfig JMSDeliveryMode="PERSISTENT"/><con:jmsPropertyConfig/><con:parameters/></con:restRequest></con:config></con:testStep><con:testStep type="restrequest" name="Student Delete" id="6417a612-26d2-41f9-a62d-138a37b05e17"><con:settings/><con:config service="http://localhost:8083" resourcePath="/student/{id}" methodName="Method Delete" xsi:type="con:RestRequestStep" xmlns:xsi="http://www.w3.org/2001/XMLSchema-instance"><con:restRequest name="Student Delete" id="6d5fd8eb-7447-4223-a05b-5982dd65b647" mediaType="application/json" postQueryString="false"><con:settings><con:setting id="com.eviware.soapui.impl.wsdl.WsdlRequest@request-headers">&lt;xml-fragment/></con:setting></con:settings><con:endpoint>http://localhost:8083</con:endpoint><con:request/><con:originalUri>http://localhost/student/-100</con:originalUri><con:assertion type="Valid HTTP Status Codes" id="b405835a-24d2-423b-9250-4f1b4d56160b" name="Valid HTTP Status Codes"><con:configuration><codes>200</codes></con:configuration></con:assertion><con:credentials><con:authType>No Authorization</con:authType></con:credentials><con:jmsConfig JMSDeliveryMode="PERSISTENT"/><con:jmsPropertyConfig/><con:parameters><entry key="id" value="-100" xmlns="http://eviware.com/soapui/config"/></con:parameters><con:parameterOrder><con:entry>id</con:entry></con:parameterOrder></con:restRequest></con:config></con:testStep><con:testStep type="restrequest" name="Departman Get All" id="d498960a-8f25-48d3-adf1-83e644b11516"><con:settings/><con:config service="http://localhost:8083" resourcePath="/departman" methodName="Method Get All" xsi:type="con:RestRequestStep" xmlns:xsi="http://www.w3.org/2001/XMLSchema-instance"><con:restRequest name="Departman Get All" id="d7118f93-77f1-475f-9d8b-a2bd70dbabfa" mediaType="application/json"><con:settings><con:setting id="com.eviware.soapui.impl.wsdl.WsdlRequest@request-headers">&lt;xml-fragment/></con:setting></con:settings><con:endpoint>http://localhost:8083</con:endpoint><con:request/><con:originalUri>http://localhost/departman</con:originalUri><con:assertion type="Valid HTTP Status Codes" id="412bd59f-ad2f-4bb4-b13b-9eb122b8dd36" name="Valid HTTP Status Codes"><con:configuration><codes>200</codes></con:configuration></con:assertion><con:credentials><con:authType>No Authorization</con:authType></con:credentials><con:jmsConfig JMSDeliveryMode="PERSISTENT"/><con:jmsPropertyConfig/><con:parameters/></con:restRequest></con:config></con:testStep><con:testStep type="restrequest" name="Departman Get One By Id" id="e02dd0a9-13d1-4dc0-a6ee-d106d6a7c129"><con:settings/><con:config service="http://localhost:8083" resourcePath="/departman/{id}" methodName="Method Get One By Id" xsi:type="con:RestRequestStep" xmlns:xsi="http://www.w3.org/2001/XMLSchema-instance"><con:restRequest name="Departman Get One By Id" id="2ab17502-257d-4a12-8c7b-61e1471f79b4" mediaType="application/json"><con:settings><con:setting id="com.eviware.soapui.impl.wsdl.WsdlRequest@request-headers">&lt;xml-fragment/></con:setting></con:settings><con:endpoint>http://localhost:8083</con:endpoint><con:request/><con:originalUri>http://localhost/departman/15</con:originalUri><con:assertion type="Valid HTTP Status Codes" id="9f62fc9b-cf42-4395-8adb-509fb8791e97" name="Valid HTTP Status Codes"><con:configuration><codes>200</codes></con:configuration></con:assertion><con:credentials><con:authType>No Authorization</con:authType></con:credentials><con:jmsConfig JMSDeliveryMode="PERSISTENT"/><con:jmsPropertyConfig/><con:parameters><entry key="id" value="15" xmlns="http://eviware.com/soapui/config"/></con:parameters></con:restRequest></con:config></con:testStep><con:testStep type="restrequest" name="Departman Get By Naziv" id="b77f96f6-3487-44e1-8c18-110ae3ca7dc8"><con:settings/><con:config service="http://localhost:8083" resourcePath="/departmanNaziv/{naziv}" methodName="Method Get By Naziv" xsi:type="con:RestRequestStep" xmlns:xsi="http://www.w3.org/2001/XMLSchema-instance"><con:restRequest name="Departman Get By Naziv" id="36029286-2cfa-4e83-b8ea-cb6b7284905d" mediaType="application/json"><con:settings><con:setting id="com.eviware.soapui.impl.wsdl.WsdlRequest@request-headers">&lt;xml-fragment/></con:setting></con:settings><con:endpoint>http://localhost:8083</con:endpoint><con:request/><con:originalUri>http://localhost/departmanNaziv/sto</con:originalUri><con:assertion type="Valid HTTP Status Codes" id="b7b45af3-c9c9-4a0b-be6b-0b53c8288d65" name="Valid HTTP Status Codes"><con:configuration><codes>200</codes></con:configuration></con:assertion><con:credentials><con:authType>No Authorization</con:authType></con:credentials><con:jmsConfig JMSDeliveryMode="PERSISTENT"/><con:jmsPropertyConfig/><con:parameters><entry key="naziv" value="sto" xmlns="http://eviware.com/soapui/config"/></con:parameters></con:restRequest></con:config></con:testStep><con:testStep type="restrequest" name="Departman Insert" id="791d119b-76cc-4f25-b950-094923a5fce3"><con:settings/><con:config service="http://localhost:8083" resourcePath="/departman" methodName="Method Insert" xsi:type="con:RestRequestStep" xmlns:xsi="http://www.w3.org/2001/XMLSchema-instance"><con:restRequest name="Departman Insert" id="4081c397-ebad-458a-bb95-bb50ebe56f91" mediaType="application/json" postQueryString="false"><con:settings><con:setting id="com.eviware.soapui.impl.wsdl.WsdlRequest@request-headers">&lt;xml-fragment/></con:setting></con:settings><con:endpoint>http://localhost:8083</con:endpoint><con:request> {
      "id": -101,
      "naziv": "Departman ",
      "oznaka": "BE",
      "fakultet":       {
         "id": 2,
         "naziv": "Prirodno-matematički fakultet",
         "sediste": "Beograd"
      }
   },
    </con:request><con:originalUri>http://localhost/</con:originalUri><con:assertion type="Valid HTTP Status Codes" id="160f8c89-8142-4b54-8311-1fca9153f22b" name="Valid HTTP Status Codes"><con:configuration><codes>200</codes></con:configuration></con:assertion><con:credentials><con:authType>No Authorization</con:authType></con:credentials><con:jmsConfig JMSDeliveryMode="PERSISTENT"/><con:jmsPropertyConfig/><con:parameters/></con:restRequest></con:config></con:testStep><con:testStep type="restrequest" name="Departman Update" id="231c64c0-60e6-4137-a8e6-048fb10af380"><con:settings/><con:config service="http://localhost:8083" resourcePath="/departman" methodName="Method Update" xsi:type="con:RestRequestStep" xmlns:xsi="http://www.w3.org/2001/XMLSchema-instance"><con:restRequest name="Departman Update" id="e1986e4a-8c64-4bda-8cbe-f0f6617cadd4" mediaType="application/json" postQueryString="false"><con:settings><con:setting id="com.eviware.soapui.impl.wsdl.WsdlRequest@request-headers">&lt;xml-fragment/></con:setting></con:settings><con:endpoint>http://localhost:8083</con:endpoint><con:request> {
      "id": -100,
      "naziv": "Test",
      "oznaka": "T",
      "fakultet":       {
         "id": 2,
         "naziv": "Prirodno-matematički fakultet",
         "sediste": "Beograd"
      }
   },
    </con:request><con:originalUri>http://localhost/departman</con:originalUri><con:assertion type="Valid HTTP Status Codes" id="bfd5b669-72be-4c54-afd3-d95c32374824" name="Valid HTTP Status Codes"><con:configuration><codes>200</codes></con:configuration></con:assertion><con:credentials><con:authType>No Authorization</con:authType></con:credentials><con:jmsConfig JMSDeliveryMode="PERSISTENT"/><con:jmsPropertyConfig/><con:parameters/></con:restRequest></con:config></con:testStep><con:testStep type="restrequest" name="Departman Delete" id="c00fce79-bc2e-4304-b792-e069b3920f52"><con:settings/><con:config service="http://localhost:8083" resourcePath="/departman/{id}" methodName="Method Delete" xsi:type="con:RestRequestStep" xmlns:xsi="http://www.w3.org/2001/XMLSchema-instance"><con:restRequest name="Departman Delete" id="eec3ee4c-e625-4359-8ae6-764cb4f8abe5" mediaType="application/json" postQueryString="false"><con:settings><con:setting id="com.eviware.soapui.impl.wsdl.WsdlRequest@request-headers">&lt;xml-fragment/></con:setting></con:settings><con:endpoint>http://localhost:8083</con:endpoint><con:request/><con:originalUri>http://localhost/departman/-100</con:originalUri><con:assertion type="Valid HTTP Status Codes" id="51261fd5-83a0-4834-ae18-05ddba7dc5e3" name="Valid HTTP Status Codes"><con:configuration><codes>200</codes></con:configuration></con:assertion><con:credentials><con:authType>No Authorization</con:authType></con:credentials><con:jmsConfig JMSDeliveryMode="PERSISTENT"/><con:jmsPropertyConfig/><con:parameters><entry key="id" value="-100" xmlns="http://eviware.com/soapui/config"/></con:parameters></con:restRequest></con:config></con:testStep><con:properties/></con:testCase><con:properties/></con:testSuite><con:properties/><con:wssContainer/><con:oAuth2ProfileContainer/><con:oAuth1ProfileContainer/></con:soapui-project>